Target,Model,R2,MAE,RMSE,sMAPE (%)
port_calls,LightGBM,0.16414450170387418,10.213790216073956,12.94799918688268,5.360172611360237
port_calls,TFT,-0.005895945388716628,11.009514971444851,13.956613257845051,5.7618558459753855
throughput_containers,LightGBM,0.8037216492589451,1504.6106297144022,1922.5388513524404,5.591600905239067
throughput_containers,TFT,0.7007959520753303,1831.701668873434,2365.8946176545,6.724901813073132
