Model,Target,MAE,RMSE,sMAPE (%),R2
LightGBM,port_calls,11.041621677360824,14.013333980463473,5.779111910904387,-0.01411988916444984
TCN,port_calls,10.999518801419965,13.93063841445632,5.75677551453018,-0.002155256213551837
LightGBM,throughput_containers,1707.2046756941872,2183.7654512717277,6.309537909695999,0.7452359735056653
TCN,throughput_containers,1687.568330140607,2165.211653402284,6.235702986038727,0.7494021250037067
